id,category,relative_path,original_thumbnail,original_source_sha256,protected_thumbnail,protected_source_sha256,forged_thumbnail,forged_source_sha256,confidence_thumbnail,confidence_source_sha256,recovered_thumbnail,recovered_source_sha256
animal_01,animal,animal/animal_01.png,thumbnails/original/animal/animal_01.webp,c2d9015285e586fd6f03810f21754fdce66a667cfdc08ea2f8cb6f8a610565ca,thumbnails/protected/animal/animal_01.webp,9d38adf3c55904f3648259e852b5b12048e288aaa7c3dd4d48c6443ff8331d09,thumbnails/forged/animal/animal_01.webp,27a3317a7c291c62bec1c0af3f63f490696b5b4f6540bdf517aab80b6dd91ca2,thumbnails/confidence/animal/animal_01.webp,256c7332454a0824f3609da25600d53080d498e58852e2f07290773bb956f04f,thumbnails/recovered/animal/animal_01.webp,8aea84d40f172779b5f7ceb69595aa508faa8463243d45ef873b245e996a536e
animal_02,animal,animal/animal_02.png,thumbnails/original/animal/animal_02.webp,a6d00718f83e59d787f66e4c8d9dd681c893ec24476d947915ecba72d03d7e74,thumbnails/protected/animal/animal_02.webp,baef1e31ff2ece1b70056f20a636292c10592a3bd1d51b9e760ec7075457441d,thumbnails/forged/animal/animal_02.webp,549a4c9d77c37481f4f8c196ea14e22413446797aed82709e8c25e582682904d,thumbnails/confidence/animal/animal_02.webp,8603d9fb1a7347e9ac7747fe722dfb1852765befb5fb8f8aec89e53e75fbe89a,thumbnails/recovered/animal/animal_02.webp,c7e3fb3d57516ed1c52fbfac777d37fb4523ec4882a035bacd2213e832ef0651
animal_03,animal,animal/animal_03.png,thumbnails/original/animal/animal_03.webp,6458ec35c41dd61ae88fcb9572830ab4bef471b29c59193803527a39fc953989,thumbnails/protected/animal/animal_03.webp,2fd36bc781b4c6077853a81f22a882d4c9f8308caedeca902d9bb6766fb9d07f,thumbnails/forged/animal/animal_03.webp,d926c0d9f156566d64ebf3027f9dba05402e847d31905781b4e9f4ddadd75540,thumbnails/confidence/animal/animal_03.webp,10dd66a62572371c6ffe1649e34644838a8e906747915d1336f74d741e07273d,thumbnails/recovered/animal/animal_03.webp,653018a33455c20291a672000e9dedb22bac8f7ae6a53f4534afecde05d6fcbc
animal_04,animal,animal/animal_04.png,thumbnails/original/animal/animal_04.webp,84f6c7319f605b6cd82170f8b422215e7e6fbf05d1004298a9ab2bd22b7e0f9c,thumbnails/protected/animal/animal_04.webp,8e09d7d6f8f30349d80ab3190fcdb0e4ffce75698221891cfcc48480f094fc5c,thumbnails/forged/animal/animal_04.webp,6e0e1da6b3557c97003e0ff67ee3565c622b246fcc9230d4cfb58fd2b733b8b2,thumbnails/confidence/animal/animal_04.webp,717d4b39959517c74f94141a76b5fc9635009fed50846da163cf6bc074e7840a,thumbnails/recovered/animal/animal_04.webp,58ba597abc4d50717896a183e04397a8a637c4c948540df173efe0ddfcc9344f
animal_05,animal,animal/animal_05.png,thumbnails/original/animal/animal_05.webp,fc8b138a3569e20b19435b005f7bbc8482a1b8912a09a7b9e2fc01f22eeedc86,thumbnails/protected/animal/animal_05.webp,0a7dfbecd832ae241760d226860e47157063925eade2156964c87a06db75eb1a,thumbnails/forged/animal/animal_05.webp,9de1e1ece98b74568b8194cfae598464831d598af3cdd4036f339cd3b4bce3c6,thumbnails/confidence/animal/animal_05.webp,feccf442151bf72308333abd0c62c8ce4e807b09f8e7c53f6add057cf17510b6,thumbnails/recovered/animal/animal_05.webp,ea1b6d43d7d750b18289afb9a91e209b1195d9353fb390b424f98977017abffa
animal_06,animal,animal/animal_06.png,thumbnails/original/animal/animal_06.webp,e76df1c39fba78ab52ce592d170c1a2de495b01aa8035d66bc69416e55523507,thumbnails/protected/animal/animal_06.webp,4a9b3c3d139ab8d9eb935155395b888996758ed3eb7e7febb555b97a6c9dbedf,thumbnails/forged/animal/animal_06.webp,885f0f35d18155d56ecf34c132eb9c35e57ffc08e1d566d9e7242a00dd7adc77,thumbnails/confidence/animal/animal_06.webp,0bdd48c28019f3315272992183ec8700753332471d5bb3c4d08d1b48650f35f1,thumbnails/recovered/animal/animal_06.webp,f5715e99960cab5b567dfa11d351a22771dff9495694f70025fdf20ef99294be
animal_07,animal,animal/animal_07.png,thumbnails/original/animal/animal_07.webp,a2ff67b9c50ad572ec0b81b98affc49af5b561559c83f7d5ff244f55e1c4753c,thumbnails/protected/animal/animal_07.webp,e3c1f5c2ea2bbae59ab44f1a59f72ca39904d40a347c083eb3901c391b5c62dc,thumbnails/forged/animal/animal_07.webp,f545013cf76fd387848557126e2e9f12dc57331d9c1fc7b418117b97fc842c37,thumbnails/confidence/animal/animal_07.webp,bb93d39ff9b34988be193ff8fa0cba607027b7570bb4b4c0d6001c4da13c5911,thumbnails/recovered/animal/animal_07.webp,a6024e853212cea0d4bbff4bba938640a12e5f1650a9623801deb17decf56d56
animal_08,animal,animal/animal_08.png,thumbnails/original/animal/animal_08.webp,fbfe7fd8bdb3d2ae2d615d3a963e29f160a74ba104cba6dc3f2d514334ce249d,thumbnails/protected/animal/animal_08.webp,a7116990f6b5e93fce21f42159d19bea71bd0b0d134e54832418c96dccd21f56,thumbnails/forged/animal/animal_08.webp,ccc7b6e79a79405485fd3c619eb637dde76c838b84e2ccb7f58177a3cb488524,thumbnails/confidence/animal/animal_08.webp,0dc195c7a00f56d55d103f9a82207d0272356a321433d12e76a012653bf4a3e4,thumbnails/recovered/animal/animal_08.webp,f0ea5a7456382af88312966d605f61d8ec05a750a852c25d3813b4ec3420d536
animal_09,animal,animal/animal_09.png,thumbnails/original/animal/animal_09.webp,3e2e0e84573a1b0eaad5b2229c037686076cf417d7f21050372b609b7ebd58b8,thumbnails/protected/animal/animal_09.webp,d76141270f26069b3115119a9a1c0e25b269a503d774277e8cf299a80fe61b69,thumbnails/forged/animal/animal_09.webp,3f412be7d2fd6726cf4bf9434d45d3b0b910a21cc89057d996bdd8e5b03312d4,thumbnails/confidence/animal/animal_09.webp,42531107f0c61aa2457d92baefdce089fe7e7e255b86dcc7f1b8ef2b3d267a5c,thumbnails/recovered/animal/animal_09.webp,7362adb8fb2be4ba7e1b2e72eb46989b2ff994dcc31d6c1e3296d39df242524f
animal_10,animal,animal/animal_10.png,thumbnails/original/animal/animal_10.webp,12d3cef69857db62107bcb29bfd0a406f0e7bd2d749948f8d840b5a68c6ebb19,thumbnails/protected/animal/animal_10.webp,ca0ae570df651a77133abb5761246c2d4879bd2f37dcf292afc77996791f2a3c,thumbnails/forged/animal/animal_10.webp,2b78a1d2ab839f6cefbc69da472f3914ff36abd082185d6da2790d6a40397dee,thumbnails/confidence/animal/animal_10.webp,4c7bc09c0a9f4d28a42ac413c880b21d5c1380160e1373fc767257f280a847c8,thumbnails/recovered/animal/animal_10.webp,a8f48e1eb4accd1676a7bcf36b1f9358793d1c6abf481ff9954880850d06e439
camera_01,camera,camera/camera_01.png,thumbnails/original/camera/camera_01.webp,e6157756661593b5450065ea09978a9b22556ca4fc3c899424bb530ffbfd262d,thumbnails/protected/camera/camera_01.webp,4d9b46fb97945f5d3e97b4e0cf18cbfc18dc17d728c885335897117c87fb960c,thumbnails/forged/camera/camera_01.webp,268801b372b77cbca750fceb229f1532f7ac426b3a524ad8fe58b10a6a01edf7,thumbnails/confidence/camera/camera_01.webp,2e97a43379dbc874a7e5707ad01f70cf6d84f9e8360c1b3a0ac6df3d90fab627,thumbnails/recovered/camera/camera_01.webp,882f4b59acccc4c25d5d6e16ba435766d056bb2483db0bcefbbf2771424dad0f
camera_02,camera,camera/camera_02.png,thumbnails/original/camera/camera_02.webp,a483facaa28550a0034ea5ef7d36140e93a16b16cb158daad4fca98a8eeb647b,thumbnails/protected/camera/camera_02.webp,c834f88844f38494c1662ea36bc5b4878ac81d94198cc4f8960a3bbf2fa43ca5,thumbnails/forged/camera/camera_02.webp,34dbcd9fa07676c734a0af3125bdd9e45dcc593fd1bb6d776a725b8ee69f0fa4,thumbnails/confidence/camera/camera_02.webp,b6a41307784022dedc1d794b98dc542f0774fe022ffe084edbadc5acb380b7ee,thumbnails/recovered/camera/camera_02.webp,8cc43d729c77838858c44763baf30e101952e35ef39a3abbc9aa864cd0c9851f
camera_03,camera,camera/camera_03.png,thumbnails/original/camera/camera_03.webp,51f5e1598a06b3f9bcdf655d850f58ea49d1743e4951e114c6f55189e009b383,thumbnails/protected/camera/camera_03.webp,ff7cf65e0618b906997f781ee4751529144eacd83a8e239ec224fa9101ef87f1,thumbnails/forged/camera/camera_03.webp,64bce5470500dcaf3e4fdd0c304f97080d2061f5ebc4513dc2c4962f705ce49b,thumbnails/confidence/camera/camera_03.webp,97ae03d764df29a652a1d333a4db4aa7d755b314bf1f55bb56da602b4740b159,thumbnails/recovered/camera/camera_03.webp,8dfddeb4a20b371d64135aa574482a7db7c9631a10ec7e63d25a991b7ef60d68
camera_04,camera,camera/camera_04.png,thumbnails/original/camera/camera_04.webp,7c3e9ccfbc42378870476eb0f21a705fa04ae82f27bc874e2cbcac502b1221c7,thumbnails/protected/camera/camera_04.webp,ed475ca7f467ae1ec8a9a8fe31de8164984de12ad61fe606efcd05696d90d798,thumbnails/forged/camera/camera_04.webp,ea5781aac9b8f17c3c8cbfc621d268019962f3c0f444438938430cf952affee0,thumbnails/confidence/camera/camera_04.webp,4b6f0f2e387415262745624be656e8fc2c5062f40359ef562ab4b08618ad381a,thumbnails/recovered/camera/camera_04.webp,c199fc61a58799b123e7aad75ffe171aa4893300527e827b33e5bd48101c1907
camera_05,camera,camera/camera_05.png,thumbnails/original/camera/camera_05.webp,92695944fbaaaa5c3d12e1ab57f07404d472ab84a629e2a027b5b0440954e425,thumbnails/protected/camera/camera_05.webp,d48c0818e0e1f733f0c75c125e7ba53c67642073306b5cd459e6e7bea8fc0aa1,thumbnails/forged/camera/camera_05.webp,86ec65465fb9f09bbd7b250f1f1feec0e7623b749a00ab8c04e2dd81045240ef,thumbnails/confidence/camera/camera_05.webp,9ce348fd3145ede764fa8f9230de086abcf3cf58091ab362189d7f16eb1d7894,thumbnails/recovered/camera/camera_05.webp,0c148279330463d47a19419fc1176ad9d5b16c024eb64b1794df4d0fd42d21ba
camera_06,camera,camera/camera_06.png,thumbnails/original/camera/camera_06.webp,e09512c9adf5868bf15386f596dbd2cb5024dc1a6a6134ff8ea29a1cb43208ef,thumbnails/protected/camera/camera_06.webp,b989d39b090df9f1168bc4dfaf89e71ff1d5551943b1d289833b88fc5d706fd6,thumbnails/forged/camera/camera_06.webp,554c9d9c39cdcb09973a9f96e03751957b50f39f5f7895e769c5908b0cbb1364,thumbnails/confidence/camera/camera_06.webp,a45ed8003a4b69bc3ade3bec1dc6bec290b944b32379598dd46555a6eadaf626,thumbnails/recovered/camera/camera_06.webp,d3305f5b61579f0a3435401e8b1fcfefd9c563562d48faa8802410457ea827ff
camera_07,camera,camera/camera_07.png,thumbnails/original/camera/camera_07.webp,83134f9a9a46c55f5aa1ff5cba81e1e01917fd53cfa7f4641202ab55dde05adf,thumbnails/protected/camera/camera_07.webp,1b4320d0dd120f1e95032d71a360e0b9ac32ffb85d1910505d45455d72b82df8,thumbnails/forged/camera/camera_07.webp,21ac164e87d4f679c308d3074a9585a138f7f876e78944367afcba5ca2016428,thumbnails/confidence/camera/camera_07.webp,3e2205a47f322c502deee6c881f67048254eca878aa6483fed65f0720fc23b79,thumbnails/recovered/camera/camera_07.webp,eca3de5f708d308e60422be87982ff4b0c455effa1dfe81cff8816634ff93399
camera_08,camera,camera/camera_08.png,thumbnails/original/camera/camera_08.webp,da696d5e3b5dc41ce79d0c2d12aee6f55b15672d8a7cdf7d24e498054175ca48,thumbnails/protected/camera/camera_08.webp,3efea60fd698e038d60a8840f7943a45a76a77f2f07e478619cc31111525eca1,thumbnails/forged/camera/camera_08.webp,36daea1446732bcc07845911908e4056f6c35a9fab3ee37cfee74858eabd77af,thumbnails/confidence/camera/camera_08.webp,b34c4e76cb270d6b59afa978afc39571f05a8ff1de4dba90e58c93273bee44e1,thumbnails/recovered/camera/camera_08.webp,e63d99bf0409b0266c892fc1cbb8119d2ab58129c36c0d80bca39fd9e6f6f329
camera_09,camera,camera/camera_09.png,thumbnails/original/camera/camera_09.webp,a02082eb7bab26b7cae4140aced962af5be58821b83d4152a1a7e8fb506e2dcd,thumbnails/protected/camera/camera_09.webp,d28e625780401300d0e87e06e93b4301e575fab3d56804a338c96e8bd70aa0b7,thumbnails/forged/camera/camera_09.webp,e92f51a836feed0c6f539e4d5bfaa85895b07f5feea2b8288962f8238e8ef750,thumbnails/confidence/camera/camera_09.webp,39ba518ebeca2150f522eec66c5119a7c2fa0b1543acf1cfa3f5edc52e8a3fce,thumbnails/recovered/camera/camera_09.webp,a698a1d0d5eaeeec92c814c78da1028a5424d1dea89cd1e6817e1784b9ec522a
camera_10,camera,camera/camera_10.png,thumbnails/original/camera/camera_10.webp,f567de2e554bcaeda68f057639152e77c4cb42290499859b9083eb54e414d64f,thumbnails/protected/camera/camera_10.webp,f02c26577bbc54122d78f9996b10d775d1489daba6e4f9c52b4028557ef75782,thumbnails/forged/camera/camera_10.webp,c4594af35cd9014b3d5e613590f240fb7e86ba072894418f85edf79eb2a99d27,thumbnails/confidence/camera/camera_10.webp,1c2b8087377d2ec713588de62977bd7624c4fb166ca69499f87bae62973f0481,thumbnails/recovered/camera/camera_10.webp,81b1d6efb127711bb45af849e29b9246ee1876cd9cad4cc6b9a45ac02f7b32df
face_01,face,face/face_01.png,thumbnails/original/face/face_01.webp,7d5854099454b7d729890e13c79f93b3fe02c37e88041e84d0b8cbd09d5cff6b,thumbnails/protected/face/face_01.webp,974f777fccee13de2b12716081ec51796b7013002945e7bbb5e92b987accc650,thumbnails/forged/face/face_01.webp,4215b126325eed5d0f40319c49ad8be55dae19a9d1d3a6c45a9541cb84faa87e,thumbnails/confidence/face/face_01.webp,ed36b1681eacc44e324f0fab3ce4212fa114942a8941d341f0b95124e1e7b5a0,thumbnails/recovered/face/face_01.webp,7e4252e05aa7951bacf24e4a0c13cc799477f06e8b146a767a24b351e57ccf3f
face_02,face,face/face_02.png,thumbnails/original/face/face_02.webp,4df2507af9eecde78e9f17203986f037215c616716bfd716252d46c5b43fe552,thumbnails/protected/face/face_02.webp,0dd4c995b71701dd96da63df1795a72d745ee8bd9200b6f6ed301f9bed687a62,thumbnails/forged/face/face_02.webp,b4177b0e49d5a0934190f2fa6f322849c4bc824d05e887effd09dfe0524c797f,thumbnails/confidence/face/face_02.webp,fe1204c6e1e4fe872a1ea9aa8b4a8a4162fccc034a17ae1dc9c94150705e9c81,thumbnails/recovered/face/face_02.webp,7164442895ce616183ca18eaa8dd5fbbf82b7623fa9c93499e6bbc9336ab3e63
face_03,face,face/face_03.png,thumbnails/original/face/face_03.webp,979baa67852d0eb9d44b673c7ecba2e1ea591bdc554e1b913c11f62603ad0aee,thumbnails/protected/face/face_03.webp,f6e2dde8da8ce800edaced06d97565eb312c5597bee28eaa2f57551005c01fa6,thumbnails/forged/face/face_03.webp,53989c876d03337cd913503ef8eb8b68eb32fcdae24b1b3582cd034a4f30560a,thumbnails/confidence/face/face_03.webp,9dfde7922d62749960441f4e5f4662bb515cf0315372ff4f742dcfb9c6c0f76e,thumbnails/recovered/face/face_03.webp,3f69c9f121865645d3c51b3ddde33a863c11b33bf593d5a07d6aa3a6e3b839ff
face_04,face,face/face_04.png,thumbnails/original/face/face_04.webp,1333dc786c2358cd4ece3c27681d715d0d47664251a4cae19a70a8383cd719e7,thumbnails/protected/face/face_04.webp,890f3af1199900db9f5452d754da3267c16e604ddabcad82f39a17e03f982e76,thumbnails/forged/face/face_04.webp,37cd93d547217715b037c496e3168d8f8810e468180ee3e5225bc452f4569a7a,thumbnails/confidence/face/face_04.webp,09868c33dda1151b38342c09a1814b3706fc7fc922c18ac3a2a8e82100ec7a90,thumbnails/recovered/face/face_04.webp,758f2119a731a8de4e4bc72c7cbfe5583ee86c04d1ca711f9f70842ac03cb513
face_05,face,face/face_05.png,thumbnails/original/face/face_05.webp,23d13558982ae5c9b57af2909998d417df704ee51fa8fdd26066fd0c3151d1f5,thumbnails/protected/face/face_05.webp,19e304622a87d6769ffc1d52533510248fda39fc65df5be5222831a92d62fe43,thumbnails/forged/face/face_05.webp,7f596cf6756376410e0e824cccf488fde6cd2460e025e0f9f7762c86026295b9,thumbnails/confidence/face/face_05.webp,5deca487deb58b123a84b0a1fc3e98c64f11ef472a244f76c55aad0746419145,thumbnails/recovered/face/face_05.webp,b4f4d77557ac2cc1d7a7d430db33557856a56a48e65ac084a7e32b4252134617
face_06,face,face/face_06.png,thumbnails/original/face/face_06.webp,27df35cc77ac555b9a9fd36329bf135f576a194881447888d27912f7943c7db7,thumbnails/protected/face/face_06.webp,dff8c6d7f5006e5da92a735d02f466eac941151980293dd6a1e7d3b115e48435,thumbnails/forged/face/face_06.webp,832475e2fa836b996cd9f4cd87003ca54cacc69aff2769f93193f715c1bf3fda,thumbnails/confidence/face/face_06.webp,45e137d94998528386da582163c67dd9938d647850e2dc290f267bb8089454a2,thumbnails/recovered/face/face_06.webp,d482b51f8755e2b3f17c435e8c0d1d8c06ab4bf1af64d85a832bafc1932e7f16
face_07,face,face/face_07.png,thumbnails/original/face/face_07.webp,d16efa8d7acaa6a1f4b3f8b9086e03023e9ea457f447e2efb057b372d594f437,thumbnails/protected/face/face_07.webp,67de6edd197a292af3642baa29fdbb3c0d996eb7652c77faab80a213eab2d070,thumbnails/forged/face/face_07.webp,da3bfe1f24f1d89b3bb13952501b26c0246f7f19f850cdc8b311119819710985,thumbnails/confidence/face/face_07.webp,1940d8296fa46e5f570f3f911fff4da9d52717e6db88d2106d61203b013a4db5,thumbnails/recovered/face/face_07.webp,b37e62ebbadb55312faffb72cf02ceca35f065238604800e9f25edbbb9fa44e7
face_08,face,face/face_08.png,thumbnails/original/face/face_08.webp,4e32754cf4f68faad0bee70c5900a4875cdd702a91cb65cb61abeea8dc164b6d,thumbnails/protected/face/face_08.webp,953472fe24c03bd94e65d3b18dbd5e53fa731c82c5e982b3422c19f884e74963,thumbnails/forged/face/face_08.webp,9129c9a6e1059f31381906b9babc9da283dd1907147ef1bb0897dc4396438c5f,thumbnails/confidence/face/face_08.webp,7f94216a1c966c889b8ebec392e54e3a0129d320e752a928da97e61b70042963,thumbnails/recovered/face/face_08.webp,7f43917742700ac8d412876c18760bdca169f5c28210d10338042c0188df6694
face_09,face,face/face_09.png,thumbnails/original/face/face_09.webp,c3d26c81a863fe9761ce9b7d0789bf8693e421dfe28819b40b26ee327baa9b86,thumbnails/protected/face/face_09.webp,30508cdf9a4c8883a1ff59958c5a7352b59988435781c8754aff03289b6863e2,thumbnails/forged/face/face_09.webp,d2b076cdc92ff2b3b01eadb7972aa8d2cac57f15c5fd9f96fc39546f64c55efa,thumbnails/confidence/face/face_09.webp,eb8c2acb84b68312d7e558883868b4029a2788b691846c39b548650d18535947,thumbnails/recovered/face/face_09.webp,a520683852b3311dd6ab282d1871c127733bd682f0eafc689ea610bbd9a9ce4f
face_10,face,face/face_10.png,thumbnails/original/face/face_10.webp,3a6d2482670dae2f9766360a3b59b8950abc392bc45c91fb1d3e16ebaf221060,thumbnails/protected/face/face_10.webp,bb18d4937e0f4abc4e3d89a576123dd26ebdecb81bf650afc2d47aa20de602c7,thumbnails/forged/face/face_10.webp,cd0e7c8277944a7cad4599f37d541f5697c8c41b6ff1dc37b10bca04c12f427e,thumbnails/confidence/face/face_10.webp,6f86eed0a82d291d78bcb2b71d9adada6c19afa18707e302c963d552dc59b824,thumbnails/recovered/face/face_10.webp,6f6f9d7536df899f81f5940f45ea653e475d7c53fb90cc4e1870ba5854e6ef1e
human_environment_01,human_environment,human_environment/human_environment_01.png,thumbnails/original/human_environment/human_environment_01.webp,18b4dff03f38eb8c3ea865d5334371e5f0e6bec671804f5a4ec878cdd2b1a096,thumbnails/protected/human_environment/human_environment_01.webp,cc81204b343fefebbfed6b33006482832d8f1e836a1eb04c8bb930a9b476e096,thumbnails/forged/human_environment/human_environment_01.webp,9432afdd5a7aae0d42cc8fd4e22861a61722445b1bffeff24a4d164f98c98f71,thumbnails/confidence/human_environment/human_environment_01.webp,f089fe277142efc90215fb19870627d5014551722383b96fce78624ca0de8599,thumbnails/recovered/human_environment/human_environment_01.webp,171531697fe0b66841cca11d8573b8f88c812fe75af74ac6fdfcf2de8a08530a
human_environment_02,human_environment,human_environment/human_environment_02.png,thumbnails/original/human_environment/human_environment_02.webp,ca7ab2cf172b6c13ecdb6e6e218152dd6f6e3d64063496bdb47f26d298ad62d0,thumbnails/protected/human_environment/human_environment_02.webp,ff092c1d9968cd06ea93be1943e195a6898548094ec60ed477fcefbacafd2346,thumbnails/forged/human_environment/human_environment_02.webp,d94b04151a57ae6937682c016db50938e27f169b719ac25a3903072eaa8936a1,thumbnails/confidence/human_environment/human_environment_02.webp,9e3719b4e7deb067d485232b1f31d0bdbdf0453c6b4c3078911d24259d27df5d,thumbnails/recovered/human_environment/human_environment_02.webp,1fa2a1b9675782c5afaadef2cc5efbab8cc5abd94c05baeb7a2a388a6546ef24
human_environment_03,human_environment,human_environment/human_environment_03.png,thumbnails/original/human_environment/human_environment_03.webp,d71ab46dc9148cd2b9bebf499a1ae68762eb66b5fa0f7774e7645a0cc2347bf7,thumbnails/protected/human_environment/human_environment_03.webp,27e12177760ddc653fcf6db48273d3125f9095a990a7071f55beef9dbbcb789c,thumbnails/forged/human_environment/human_environment_03.webp,4048410eeb49eb9126c64d557e5d06aae2ff7f476d6861bedd5e96289a1f987f,thumbnails/confidence/human_environment/human_environment_03.webp,ec486d35e914899501370cc9925e4b7d27e7ca5caf3c00e55435b6c8ae25ef61,thumbnails/recovered/human_environment/human_environment_03.webp,0b471de0ba540bebefc8949c23ca6e4da03f779f2e264bebf86e292ae6297663
human_environment_04,human_environment,human_environment/human_environment_04.png,thumbnails/original/human_environment/human_environment_04.webp,48fe332a282c23bc9207a5bb3c20f1b77068b1091ee11a94890d4882276a5f3c,thumbnails/protected/human_environment/human_environment_04.webp,02293ecef99f825db609536bb3220f6dea0527d77e5e63c2fbbd570ef4764394,thumbnails/forged/human_environment/human_environment_04.webp,f4c970d3f551c23930413bef6851ba8a40865345c5e800aae427395481f8d568,thumbnails/confidence/human_environment/human_environment_04.webp,891e527582cdd64cc60fef926ad6ebe35f345cd0a6654ed47f6e14db191b90bf,thumbnails/recovered/human_environment/human_environment_04.webp,9c525da18944dcffcbcd334fab2c53fd554cdbda8b2bba235bfdc0bff640f8e2
human_environment_05,human_environment,human_environment/human_environment_05.png,thumbnails/original/human_environment/human_environment_05.webp,41600a1f00657f10835e33b3cd898b06e77772ce8449ad14ce4aa3342979f80d,thumbnails/protected/human_environment/human_environment_05.webp,48b5a85423938a306eee7d18cb444ef737670cae7884e7467b897cf01c44ccba,thumbnails/forged/human_environment/human_environment_05.webp,d87013386bd114a80e2ae7424ba8df374a72125faf6f5e79ceeacafc521fde87,thumbnails/confidence/human_environment/human_environment_05.webp,8c7190dcdeedce5e9f18452ded0480e8f447a21d437be4724554f6c84dfdecca,thumbnails/recovered/human_environment/human_environment_05.webp,d67f1f1a73771599d8494d2c2de1e48ae6e9de2efa334a52a8e2055ecdeab688
human_environment_06,human_environment,human_environment/human_environment_06.png,thumbnails/original/human_environment/human_environment_06.webp,9697e982516aa5e39c69661f3466e20c0bdc1dc388262728fb0db141080a313d,thumbnails/protected/human_environment/human_environment_06.webp,1118350a8237a515b665a8ccedb85043aeb25774c3ef0f70de33085a08864317,thumbnails/forged/human_environment/human_environment_06.webp,1dabb7451db756ab5f325b4d75b3ac36299a780f49cbb8c293912e425af2b384,thumbnails/confidence/human_environment/human_environment_06.webp,f33acf110ec6c0c16b2de445ba737a4bae40b6bc480d35121bdbdfba22e6ccea,thumbnails/recovered/human_environment/human_environment_06.webp,99fcb7f60992a70657696c7a4e113ee8e8322670e8af5b5ceeee2a2fa1879fa0
human_environment_07,human_environment,human_environment/human_environment_07.png,thumbnails/original/human_environment/human_environment_07.webp,d67e6c81c7b4c3519c77545f0ae0a313bc92a2fb4dbbea95e8220fcc1fbf0be1,thumbnails/protected/human_environment/human_environment_07.webp,9e6687642e4d6037506f37ce7327d98e78833713f6ea567de47f1afdc642181c,thumbnails/forged/human_environment/human_environment_07.webp,aaa2a320d65975a5ec0f8f3a9faafebf8049be3a3d5af424bb1ec376543fbe46,thumbnails/confidence/human_environment/human_environment_07.webp,a76226b4be20a727bb49e1d6c176969c51acc18409572b4c280f8fb1ee310225,thumbnails/recovered/human_environment/human_environment_07.webp,3d2f817d969f47556191ac872a0bdb986ed905a8c35bb2f5ad427dd1e8a0b0f9
human_environment_08,human_environment,human_environment/human_environment_08.png,thumbnails/original/human_environment/human_environment_08.webp,d3ee30bdf697314931cb37b077d59e4736728eec1220dbc43bb700210af1ee81,thumbnails/protected/human_environment/human_environment_08.webp,4b8fe5aac47acd03fc7b0c02d64e5acd2661610f2888304893303fe22baaa559,thumbnails/forged/human_environment/human_environment_08.webp,79ffdf95c0a47867502cf56a0e068a3e215d890dd3954aa34880b6695b525f27,thumbnails/confidence/human_environment/human_environment_08.webp,ad4ead662dcc01a79d933fb9cd51920ecc96dff1b7ba096f6cd31932af179805,thumbnails/recovered/human_environment/human_environment_08.webp,e38b8b3b4ceb6920467384cb9797c45a7b40fd3d0aa5f709cf9af818bc3d2516
human_environment_09,human_environment,human_environment/human_environment_09.png,thumbnails/original/human_environment/human_environment_09.webp,836c9fe6a8fe629c41693fe4df639144510d425a298091e37d5ea05a94ca9941,thumbnails/protected/human_environment/human_environment_09.webp,81540ea2613e0f8a93c7e380f90055483034b3fc4ae74d8df69ed50de4ea0a89,thumbnails/forged/human_environment/human_environment_09.webp,2e544ed4e216c97a08cd1d30ce53294e8f4d17b195be204d2104af3e90640a5a,thumbnails/confidence/human_environment/human_environment_09.webp,5b9c16508eafbc8e33496bc0467699870b3d73bb7e86246592ed48ee40de0dcc,thumbnails/recovered/human_environment/human_environment_09.webp,6f604409b4321f08c84b4f9cabe2df84c3d92c0d57034ad73e54862083044606
human_environment_10,human_environment,human_environment/human_environment_10.png,thumbnails/original/human_environment/human_environment_10.webp,343ad34b3d7be1caa236a5b38ad476b25d9e8cb204c8ce59856eae5bbe0a0697,thumbnails/protected/human_environment/human_environment_10.webp,7e46aa01e282a619340b2b7cd3bedd1b004b3e9ebe067efbc1a5342e865e891f,thumbnails/forged/human_environment/human_environment_10.webp,c91430051b16680b144fc3b880508aee08f28ebb0624eac7833cab9c8a12da65,thumbnails/confidence/human_environment/human_environment_10.webp,c8108d28916e8cb24b4c3a89ff94e4387d9a345653da259e6fbd757381b59fea,thumbnails/recovered/human_environment/human_environment_10.webp,cee423017ab5f2c118915cbfb529de609f29015349412ec65d09b85d982088ed
multi_human_01,multi_human,multi_human/multi_human_01.png,thumbnails/original/multi_human/multi_human_01.webp,c46f701c145c0bf82c08337b1fe03e0159b87892e35dd2beac1dc83333509f4d,thumbnails/protected/multi_human/multi_human_01.webp,951def1cea80fb2debd1a29d6806d3820aebca947ee4f3d3e51b900dcc255e5d,thumbnails/forged/multi_human/multi_human_01.webp,bb7739fce6d77a3c75728d0021d4321f6783be5753beaa3c83c456859ebf8d81,thumbnails/confidence/multi_human/multi_human_01.webp,e789872ee7141c6c036e82eef2c3cb5fd0d0ba300a603edf62b9e91ea169f863,thumbnails/recovered/multi_human/multi_human_01.webp,8444d1827510f95eb6173641af4fc032b27bcd2f6b2db7c1cbc062ea65ebb0ed
multi_human_02,multi_human,multi_human/multi_human_02.png,thumbnails/original/multi_human/multi_human_02.webp,bdeb2e55539e5ddf14e4394b034615295ca597cca15ee74ac37a007710ecf38b,thumbnails/protected/multi_human/multi_human_02.webp,584000f529646a63efee37c1e5a08783eea9138e97a408d6a3224829abec24df,thumbnails/forged/multi_human/multi_human_02.webp,0ec7a327615085cf80bf916a068b7754ae447a26bb4c03c9174fc56da3c2769c,thumbnails/confidence/multi_human/multi_human_02.webp,a50ab821648ab08d91d98331f383f145dd3a70e5b9ffa0562c541914b55cf91c,thumbnails/recovered/multi_human/multi_human_02.webp,9d87f0d49b432d178b86f098daa316878d6a085c4c7d1259c14a9fd7effa51c3
multi_human_03,multi_human,multi_human/multi_human_03.png,thumbnails/original/multi_human/multi_human_03.webp,36105bf579eefa3f7ae1224ca93cc32157833f97747b9052174563b8ae11125b,thumbnails/protected/multi_human/multi_human_03.webp,510b1b116a184529fe11a10432367842554ccdc01a69bc20a536f1a12b74fe79,thumbnails/forged/multi_human/multi_human_03.webp,96d2367194d3c73ed244865b8739ba7b66bfd7ebd0b8e9bd043b9f1b5e318e68,thumbnails/confidence/multi_human/multi_human_03.webp,c3b73a63ec12efbb971b1e37cf5d021382b64b8827323366f146a4bb7ebe7eae,thumbnails/recovered/multi_human/multi_human_03.webp,3ef6c69e74097534ac901157f684996d5c8555a835a10c8142ec8577d0eaa536
multi_human_04,multi_human,multi_human/multi_human_04.png,thumbnails/original/multi_human/multi_human_04.webp,772ad56b6d1217f92435cf967f869880d7e7288a15b3606f35742495e254255f,thumbnails/protected/multi_human/multi_human_04.webp,51b0d147aa0cd27602e96ba45ab0be50bbde0fc3031b55d571b0a1e6a03026df,thumbnails/forged/multi_human/multi_human_04.webp,6b3ddf6b745dd17f38b4ccbf21cff5d779a95c1b78cec2cc5d0c627dd39f7ce1,thumbnails/confidence/multi_human/multi_human_04.webp,785a8261e758ea4d39168813dedeff2ffe6228cc1540bcf53d79ac62aeff4125,thumbnails/recovered/multi_human/multi_human_04.webp,66084e0202912c82753db9f2a9f304aa0a23e7d5a3520a3d46a47c0d3d271a0a
multi_human_05,multi_human,multi_human/multi_human_05.png,thumbnails/original/multi_human/multi_human_05.webp,ec203e4c521170980ed2e4607c37580cae753a9858f802aa65dabb3897dffd86,thumbnails/protected/multi_human/multi_human_05.webp,69d6ca0e80cc5759dc6a2be19d9456a00f3c7a2d2083b6b9cddea63d8f504660,thumbnails/forged/multi_human/multi_human_05.webp,7259f32a908ff17efe27be27a00da32cb2fef31f4acb911f4897ec069dc7a7cd,thumbnails/confidence/multi_human/multi_human_05.webp,bcde30066ecb516fd4141db7730c279e7d81639dac9b07e33147c8921d3f0561,thumbnails/recovered/multi_human/multi_human_05.webp,5188096cda7bdf58cf16dff0138490bae2ccbeddabb18dd52748d9f8afc8f42c
multi_human_06,multi_human,multi_human/multi_human_06.png,thumbnails/original/multi_human/multi_human_06.webp,51d2a6805036461e291b73acb31aaf41ad335bcb866ce60a8a5682420fcbedfa,thumbnails/protected/multi_human/multi_human_06.webp,404950e7a5feacab5479bde8e8d9aa2ca53724d4226dd155b77be63300f5639f,thumbnails/forged/multi_human/multi_human_06.webp,f98c49ceaa8507dafda0345233cc54f03ce7af25c1b166a9c723ec0951f5c537,thumbnails/confidence/multi_human/multi_human_06.webp,050da3d7feb7c6c3b69fe5eb40769cd3573530484cfeccf152489ccdee8903c8,thumbnails/recovered/multi_human/multi_human_06.webp,06d867f85b2b0c33de2f95a59c3bdca46bbcd3dcfcdfcbd6bc651b7d6e3119f7
multi_human_07,multi_human,multi_human/multi_human_07.png,thumbnails/original/multi_human/multi_human_07.webp,4f45bf452bd0b90f9b48cffec2a5672b016c68b68c45402bbba43e67c497a29d,thumbnails/protected/multi_human/multi_human_07.webp,4368064f26244a8cae51edc024a0cf7b0da4172b24a7d7a558125869551e27a1,thumbnails/forged/multi_human/multi_human_07.webp,51b696d0a9bb2277d959236ae5ee1a7ed44fab4cd4ba662d718742c647124535,thumbnails/confidence/multi_human/multi_human_07.webp,967bf588ba565427da444ce24e5397925be1152c880167c119c5016e3c343b37,thumbnails/recovered/multi_human/multi_human_07.webp,8205866c7cf64056b40c076a09cc506f0070732e3d39f9c1188910c08e342ede
multi_human_08,multi_human,multi_human/multi_human_08.png,thumbnails/original/multi_human/multi_human_08.webp,79d1a85353fce31b33fbfe07ac85fc57d9113640ff436e6558d6b24a5a4c532a,thumbnails/protected/multi_human/multi_human_08.webp,b81b2dcee70bd01608fbe9c5e446b7493ce6aa45c21b3b103d874a1f48b0b413,thumbnails/forged/multi_human/multi_human_08.webp,aa6f0cc7d7f5530181bdae91b68c92eb1658a743efa15da7370b0f619e56a44d,thumbnails/confidence/multi_human/multi_human_08.webp,a7d97916efea5804a5600c23e17ab67518b200c9e76d59454b69b43189f96f0e,thumbnails/recovered/multi_human/multi_human_08.webp,6a8985cbc507a6f3ef098bee3c5b894291790c78ab4049a5eb659ea73b3b042d
multi_human_09,multi_human,multi_human/multi_human_09.png,thumbnails/original/multi_human/multi_human_09.webp,c1a73a84e2dec32294aa7a90dd4cecc2c82ad4dd2243993262cf3498d01c698d,thumbnails/protected/multi_human/multi_human_09.webp,9c9d096231aa452fa6b3d4f4f067eb24c45c9a41d85ac1338b2d044b770d7d70,thumbnails/forged/multi_human/multi_human_09.webp,65716c785e54d8121ee415df3d27b48cf8c936abb21364e3a3c4e0da3a341c42,thumbnails/confidence/multi_human/multi_human_09.webp,94dfaa2fb79e3bd5285dd151ca80eb6feae72018b43154b40df8cc24ff13e022,thumbnails/recovered/multi_human/multi_human_09.webp,8f35f071e3b21fa17ad11273c5cecc428e1bcbf214b5370bc42effaaf2ea5e83
multi_human_10,multi_human,multi_human/multi_human_10.png,thumbnails/original/multi_human/multi_human_10.webp,0ed29614bc6ca3d1682d8a2b1e4d86538713401d6ae0159572d711857f809264,thumbnails/protected/multi_human/multi_human_10.webp,c5ed82abe4edf876722a63b72946977c84837a3f3266c659724634f0adf32eea,thumbnails/forged/multi_human/multi_human_10.webp,aacbfc4be3929f4c088d3a7fa773d2941981fda71a0f9d73f3b7bd4dbd67fe9f,thumbnails/confidence/multi_human/multi_human_10.webp,4074371d68560649e39922f79b3a08fff365797e6f7bd3c2421e46199d5d9cd8,thumbnails/recovered/multi_human/multi_human_10.webp,4c7cc3f8f02c44332f861892251f17a2f86701c04bb54eff444d9ace74fa05a4
